[{"id":11,"name":"ipssi","label":"IPSSI","description":"ipssi","is_active":true,"type":"pgsql","mutable":true,"deletable":true,"created_date":"2020-04-16 07:46:10","last_modified_date":"2020-04-16 07:46:10","created_by_id":1,"last_modified_by_id":null,"config":{"service_id":11,"options":null,"attributes":null,"statements":null,"host":"ipssi-api-postgres","port":5432,"database":"ipssi","username":"ipssi","password":"**********","schema":"public","charset":null,"sslmode":null,"timezone":null,"application_name":null,"max_records":1000,"cache_enabled":false,"cache_ttl":0,"allow_upsert":false}}]